ScanF,z,XCorr,&#916;Corr,"# Ions","# Ions Link",Reference,"Reference Link",Redun,"Redun Link",Peptide,"Peptide Link","Gene Symbol",Max,"LDA Score","LDA Probability","LDA -Log10 Probability","LDA Q Value"
2279,2,"  1.310","  0.120",5/12,/core/www/modules//sdig/index.php?run_id=107860&search_id=111790&scans_id=107856&peptide_id=12860&scanf=2279&charge=2&value=5/12,IGHG_RABIT,/core/www/modules//consensus/?run_id=107860&search_id=111790&scans_id=107856&peptide_id=12860&scanf=2279&charge=2&value=IGHG_RABIT,0,/core/www/modules/match_peptides/blast_html4.php?run_id=107860&search_id=111790&scans_id=107856&peptide_id=12860&scanf=2279&charge=2&value=0,R.GQPLEPK.V,/core/www/modules/show_out/show_out_wrapper.php?run_id=107860&search_id=111790&scans_id=107856&peptide_id=12860&scanf=2279&charge=2&value=R.GQPLEPK.V,,1.334e+6,1.973,0.986,0.006,0.285
4652,2,"  2.122","  0.240",9/12,/core/www/modules//sdig/index.php?run_id=107860&search_id=111790&scans_id=107856&peptide_id=16219&scanf=4652&charge=2&value=9/12,IGHG_RABIT,/core/www/modules//consensus/?run_id=107860&search_id=111790&scans_id=107856&peptide_id=16219&scanf=4652&charge=2&value=IGHG_RABIT,10,/core/www/modules/match_peptides/blast_html4.php?run_id=107860&search_id=111790&scans_id=107856&peptide_id=16219&scanf=4652&charge=2&value=10,K.DTLM*ISR.T,/core/www/modules/show_out/show_out_wrapper.php?run_id=107860&search_id=111790&scans_id=107856&peptide_id=16219&scanf=4652&charge=2&value=K.DTLM*ISR.T,,4.922e+5,3.117,0.072,1.145,0.010
6405,2,"  2.208","  0.204",11/12,/core/www/modules//sdig/index.php?run_id=107860&search_id=111790&scans_id=107856&peptide_id=17896&scanf=6405&charge=2&value=11/12,IGHG_RABIT,/core/www/modules//consensus/?run_id=107860&search_id=111790&scans_id=107856&peptide_id=17896&scanf=6405&charge=2&value=IGHG_RABIT,10,/core/www/modules/match_peptides/blast_html4.php?run_id=107860&search_id=111790&scans_id=107856&peptide_id=17896&scanf=6405&charge=2&value=10,K.DTLMISR.T,/core/www/modules/show_out/show_out_wrapper.php?run_id=107860&search_id=111790&scans_id=107856&peptide_id=17896&scanf=6405&charge=2&value=K.DTLMISR.T,,7.706e+5,3.206,0.043,1.363,0.005
6507,2,"  1.918","  0.225",9/12,/core/www/modules//sdig/index.php?run_id=107860&search_id=111790&scans_id=107856&peptide_id=17993&scanf=6507&charge=2&value=9/12,IGHG_RABIT,/core/www/modules//consensus/?run_id=107860&search_id=111790&scans_id=107856&peptide_id=17993&scanf=6507&charge=2&value=IGHG_RABIT,10,/core/www/modules/match_peptides/blast_html4.php?run_id=107860&search_id=111790&scans_id=107856&peptide_id=17993&scanf=6507&charge=2&value=10,K.DTLMISR.T,/core/www/modules/show_out/show_out_wrapper.php?run_id=107860&search_id=111790&scans_id=107856&peptide_id=17993&scanf=6507&charge=2&value=K.DTLMISR.T,,7.706e+5,2.992,0.140,0.854,0.010
8036,2,"  1.981","  0.212",11/26,/core/www/modules//sdig/index.php?run_id=107860&search_id=111790&scans_id=107856&peptide_id=19456&scanf=8036&charge=2&value=11/26,IGHG_RABIT,/core/www/modules//consensus/?run_id=107860&search_id=111790&scans_id=107856&peptide_id=19456&scanf=8036&charge=2&value=IGHG_RABIT,0,/core/www/modules/match_peptides/blast_html4.php?run_id=107860&search_id=111790&scans_id=107856&peptide_id=19456&scanf=8036&charge=2&value=0,K.VYTMGPPREELSSR.S,/core/www/modules/show_out/show_out_wrapper.php?run_id=107860&search_id=111790&scans_id=107856&peptide_id=19456&scanf=8036&charge=2&value=K.VYTMGPPREELSSR.S,,7.361e+5,2.418,0.834,0.079,0.049
8325,2,"  4.007","  0.493",16/26,/core/www/modules//sdig/index.php?run_id=107860&search_id=111790&scans_id=107856&peptide_id=19727&scanf=8325&charge=2&value=16/26,KAC4_RABIT,/core/www/modules//consensus/?run_id=107860&search_id=111790&scans_id=107856&peptide_id=19727&scanf=8325&charge=2&value=KAC4_RABIT,0,/core/www/modules/match_peptides/blast_html4.php?run_id=107860&search_id=111790&scans_id=107856&peptide_id=19727&scanf=8325&charge=2&value=0,K.VTQGTTSVVQSFNR.G,/core/www/modules/show_out/show_out_wrapper.php?run_id=107860&search_id=111790&scans_id=107856&peptide_id=19727&scanf=8325&charge=2&value=K.VTQGTTSVVQSFNR.G,,1.958e+5,4.142,0.000,3.771,0.000
8408,2,"  2.594","  0.475",15/26,/core/www/modules//sdig/index.php?run_id=107860&search_id=111790&scans_id=107856&peptide_id=19806&scanf=8408&charge=2&value=15/26,KAC4_RABIT,/core/www/modules//consensus/?run_id=107860&search_id=111790&scans_id=107856&peptide_id=19806&scanf=8408&charge=2&value=KAC4_RABIT,0,/core/www/modules/match_peptides/blast_html4.php?run_id=107860&search_id=111790&scans_id=107856&peptide_id=19806&scanf=8408&charge=2&value=0,K.VTQGTTSVVQSFNR.G,/core/www/modules/show_out/show_out_wrapper.php?run_id=107860&search_id=111790&scans_id=107856&peptide_id=19806&scanf=8408&charge=2&value=K.VTQGTTSVVQSFNR.G,,1.958e+5,3.530,0.006,2.187,0.000
8948,2,"  1.798","  0.374",12/20,/core/www/modules//sdig/index.php?run_id=107860&search_id=111790&scans_id=107856&peptide_id=20255&scanf=8948&charge=2&value=12/20,sp|P60709|ACTB_HUMAN,/core/www/modules//consensus/?run_id=107860&search_id=111790&scans_id=107856&peptide_id=20255&scanf=8948&charge=2&value=sp|P60709|ACTB_HUMAN,12,/core/www/modules/match_peptides/blast_html4.php?run_id=107860&search_id=111790&scans_id=107856&peptide_id=20255&scanf=8948&charge=2&value=12,K.EITALAPSTMK.I,/core/www/modules/show_out/show_out_wrapper.php?run_id=107860&search_id=111790&scans_id=107856&peptide_id=20255&scanf=8948&charge=2&value=K.EITALAPSTMK.I,ACTB,25026.8,2.906,0.214,0.671,0.010
9068,2,"  2.290","  0.456",12/22,/core/www/modules//sdig/index.php?run_id=107860&search_id=111790&scans_id=107856&peptide_id=20361&scanf=9068&charge=2&value=12/22,IGHG_RABIT,/core/www/modules//consensus/?run_id=107860&search_id=111790&scans_id=107856&peptide_id=20361&scanf=9068&charge=2&value=IGHG_RABIT,6,/core/www/modules/match_peptides/blast_html4.php?run_id=107860&search_id=111790&scans_id=107856&peptide_id=20361&scanf=9068&charge=2&value=6,K.ALPAPIEKTISK.A,/core/www/modules/show_out/show_out_wrapper.php?run_id=107860&search_id=111790&scans_id=107856&peptide_id=20361&scanf=9068&charge=2&value=K.ALPAPIEKTISK.A,,3.125e+5,3.651,0.003,2.501,0.000
9142,2,"  2.237","  0.503",13/22,/core/www/modules//sdig/index.php?run_id=107860&search_id=111790&scans_id=107856&peptide_id=20426&scanf=9142&charge=2&value=13/22,IGH1M_MOUSE,/core/www/modules//consensus/?run_id=107860&search_id=111790&scans_id=107856&peptide_id=20426&scanf=9142&charge=2&value=IGH1M_MOUSE,0,/core/www/modules/match_peptides/blast_html4.php?run_id=107860&search_id=111790&scans_id=107856&peptide_id=20426&scanf=9142&charge=2&value=0,R.VNSAAFPAPIEK.T,/core/www/modules/show_out/show_out_wrapper.php?run_id=107860&search_id=111790&scans_id=107856&peptide_id=20426&scanf=9142&charge=2&value=R.VNSAAFPAPIEK.T,Ighg1,44437.9,3.591,0.005,2.344,0.000
9154,2,"  2.489","  0.471",14/22,/core/www/modules//sdig/index.php?run_id=107860&search_id=111790&scans_id=107856&peptide_id=20435&scanf=9154&charge=2&value=14/22,IGH1M_MOUSE,/core/www/modules//consensus/?run_id=107860&search_id=111790&scans_id=107856&peptide_id=20435&scanf=9154&charge=2&value=IGH1M_MOUSE,0,/core/www/modules/match_peptides/blast_html4.php?run_id=107860&search_id=111790&scans_id=107856&peptide_id=20435&scanf=9154&charge=2&value=0,R.VNSAAFPAPIEK.T,/core/www/modules/show_out/show_out_wrapper.php?run_id=107860&search_id=111790&scans_id=107856&peptide_id=20435&scanf=9154&charge=2&value=R.VNSAAFPAPIEK.T,Ighg1,44437.9,3.607,0.004,2.386,0.000
9159,2,"  1.942","  0.399",14/22,/core/www/modules//sdig/index.php?run_id=107860&search_id=111790&scans_id=107856&peptide_id=20438&scanf=9159&charge=2&value=14/22,IGHG_RABIT,/core/www/modules//consensus/?run_id=107860&search_id=111790&scans_id=107856&peptide_id=20438&scanf=9159&charge=2&value=IGHG_RABIT,6,/core/www/modules/match_peptides/blast_html4.php?run_id=107860&search_id=111790&scans_id=107856&peptide_id=20438&scanf=9159&charge=2&value=6,K.ALPAPIEKTISK.A,/core/www/modules/show_out/show_out_wrapper.php?run_id=107860&search_id=111790&scans_id=107856&peptide_id=20438&scanf=9159&charge=2&value=K.ALPAPIEKTISK.A,,3.125e+5,3.409,0.013,1.877,0.000
9176,2,"  2.039","  0.413",10/22,/core/www/modules//sdig/index.php?run_id=107860&search_id=111790&scans_id=107856&peptide_id=20451&scanf=9176&charge=2&value=10/22,IGH1M_MOUSE,/core/www/modules//consensus/?run_id=107860&search_id=111790&scans_id=107856&peptide_id=20451&scanf=9176&charge=2&value=IGH1M_MOUSE,0,/core/www/modules/match_peptides/blast_html4.php?run_id=107860&search_id=111790&scans_id=107856&peptide_id=20451&scanf=9176&charge=2&value=0,R.VNSAAFPAPIEK.T,/core/www/modules/show_out/show_out_wrapper.php?run_id=107860&search_id=111790&scans_id=107856&peptide_id=20451&scanf=9176&charge=2&value=R.VNSAAFPAPIEK.T,Ighg1,44437.9,3.011,0.127,0.896,0.010
9455,2,"  1.896","  0.292",11/18,/core/www/modules//sdig/index.php?run_id=107860&search_id=111790&scans_id=107856&peptide_id=20685&scanf=9455&charge=2&value=11/18,IGHG_RABIT,/core/www/modules//consensus/?run_id=107860&search_id=111790&scans_id=107856&peptide_id=20685&scanf=9455&charge=2&value=IGHG_RABIT,0,/core/www/modules/match_peptides/blast_html4.php?run_id=107860&search_id=111790&scans_id=107856&peptide_id=20685&scanf=9455&charge=2&value=0,K.LSVPTSEWQR.G,/core/www/modules/show_out/show_out_wrapper.php?run_id=107860&search_id=111790&scans_id=107856&peptide_id=20685&scanf=9455&charge=2&value=K.LSVPTSEWQR.G,,5.168e+6,3.065,0.095,1.022,0.010
9523,2,"  2.391","  0.378",13/18,/core/www/modules//sdig/index.php?run_id=107860&search_id=111790&scans_id=107856&peptide_id=20747&scanf=9523&charge=2&value=13/18,IGHG_RABIT,/core/www/modules//consensus/?run_id=107860&search_id=111790&scans_id=107856&peptide_id=20747&scanf=9523&charge=2&value=IGHG_RABIT,0,/core/www/modules/match_peptides/blast_html4.php?run_id=107860&search_id=111790&scans_id=107856&peptide_id=20747&scanf=9523&charge=2&value=0,K.LSVPTSEWQR.G,/core/www/modules/show_out/show_out_wrapper.php?run_id=107860&search_id=111790&scans_id=107856&peptide_id=20747&scanf=9523&charge=2&value=K.LSVPTSEWQR.G,,5.168e+6,3.696,0.002,2.616,0.000
9607,2,"  2.569","  0.366",15/18,/core/www/modules//sdig/index.php?run_id=107860&search_id=111790&scans_id=107856&peptide_id=20826&scanf=9607&charge=2&value=15/18,IGHG_RABIT,/core/www/modules//consensus/?run_id=107860&search_id=111790&scans_id=107856&peptide_id=20826&scanf=9607&charge=2&value=IGHG_RABIT,0,/core/www/modules/match_peptides/blast_html4.php?run_id=107860&search_id=111790&scans_id=107856&peptide_id=20826&scanf=9607&charge=2&value=0,K.LSVPTSEWQR.G,/core/www/modules/show_out/show_out_wrapper.php?run_id=107860&search_id=111790&scans_id=107856&peptide_id=20826&scanf=9607&charge=2&value=K.LSVPTSEWQR.G,,5.168e+6,3.844,0.001,3.000,0.000
9897,2,"  2.775","  0.415",13/16,/core/www/modules//sdig/index.php?run_id=107860&search_id=111790&scans_id=107856&peptide_id=21094&scanf=9897&charge=2&value=13/16,sp|P0CG47|UBB_HUMAN,/core/www/modules//consensus/?run_id=107860&search_id=111790&scans_id=107856&peptide_id=21094&scanf=9897&charge=2&value=sp|P0CG47|UBB_HUMAN,18,/core/www/modules/match_peptides/blast_html4.php?run_id=107860&search_id=111790&scans_id=107856&peptide_id=21094&scanf=9897&charge=2&value=18,K.ESTLHLVLR.L,/core/www/modules/show_out/show_out_wrapper.php?run_id=107860&search_id=111790&scans_id=107856&peptide_id=21094&scanf=9897&charge=2&value=K.ESTLHLVLR.L,UBB,1.514e+5,3.671,0.003,2.553,0.000
12052,2,"  2.928","  0.340",16/22,/core/www/modules//sdig/index.php?run_id=107860&search_id=111790&scans_id=107856&peptide_id=1997&scanf=12052&charge=2&value=16/22,sp|P61626|LYSC_HUMAN,/core/www/modules//consensus/?run_id=107860&search_id=111790&scans_id=107856&peptide_id=1997&scanf=12052&charge=2&value=sp|P61626|LYSC_HUMAN,2,/core/www/modules/match_peptides/blast_html4.php?run_id=107860&search_id=111790&scans_id=107856&peptide_id=1997&scanf=12052&charge=2&value=2,R.STDYGIFQINSR.Y,/core/www/modules/show_out/show_out_wrapper.php?run_id=107860&search_id=111790&scans_id=107856&peptide_id=1997&scanf=12052&charge=2&value=R.STDYGIFQINSR.Y,LYZ,12605.5,3.268,0.030,1.517,0.005
12318,2,"  2.549","  0.088",11/30,/core/www/modules//sdig/index.php?run_id=107860&search_id=111790&scans_id=107856&peptide_id=2257&scanf=12318&charge=2&value=11/30,sp|P0CG47|UBB_HUMAN,/core/www/modules//consensus/?run_id=107860&search_id=111790&scans_id=107856&peptide_id=2257&scanf=12318&charge=2&value=sp|P0CG47|UBB_HUMAN,19,/core/www/modules/match_peptides/blast_html4.php?run_id=107860&search_id=111790&scans_id=107856&peptide_id=2257&scanf=12318&charge=2&value=19,K.TITLEVEPSDTIENVK.A,/core/www/modules/show_out/show_out_wrapper.php?run_id=107860&search_id=111790&scans_id=107856&peptide_id=2257&scanf=12318&charge=2&value=K.TITLEVEPSDTIENVK.A,UBB,1.009e+5,1.732,0.997,0.001,0.539
13236,2,"  3.279","  0.479",20/30,/core/www/modules//sdig/index.php?run_id=107860&search_id=111790&scans_id=107856&peptide_id=3133&scanf=13236&charge=2&value=20/30,sp|P60709|ACTB_HUMAN,/core/www/modules//consensus/?run_id=107860&search_id=111790&scans_id=107856&peptide_id=3133&scanf=13236&charge=2&value=sp|P60709|ACTB_HUMAN,17,/core/www/modules/match_peptides/blast_html4.php?run_id=107860&search_id=111790&scans_id=107856&peptide_id=3133&scanf=13236&charge=2&value=17,K.SYELPDGQVITIGNER.F,/core/www/modules/show_out/show_out_wrapper.php?run_id=107860&search_id=111790&scans_id=107856&peptide_id=3133&scanf=13236&charge=2&value=K.SYELPDGQVITIGNER.F,ACTB,23232.3,3.879,0.001,3.091,0.000
